person_id,name,email,phone
1,Amit Agarwal,amit.agarwal3@mailtest.example.org,9000000288
2,Amit Reddy,amit.reddy9@mailtest.example.org,9000000165
3,Arjun Bhatia,arjun.bhatia14@example.com,9000000212
4,Arjun Mehta,arjun.mehta9@example.in,9000000131
5,Arjun Mishra,arjun.mishra70@example.com,9000000106
6,Deepak Mehta,deepak.mehta86@example.in,9000000116
7,Deepak Nair,deepak.nair44@example.com,9000000296
8,Deepak Singh,deepak.singh36@mailtest.example.org,9000000202
9,Gaurav Mehta,gaurav.mehta79@mailtest.example.org,9000000133
10,Isha Chopra,isha.chopra95@mailtest.example.org,9000000138
11,Isha Kapoor,isha.kapoor54@example.com,9000000295
12,Isha Sharma,isha.sharma15@example.com,9000000259
13,Karan Bhatia,karan.bhatia32@mailtest.example.org,9000000211
14,Kavya Mehta,kavya.mehta7@example.com,9000000177
15,Manish Reddy,manish.reddy73@example.com,9000000237
16,Meera Bhatia,meera.bhatia52@mailtest.example.org,9000000223
17,Neha Bhatia,neha.bhatia60@mailtest.example.org,9000000273
18,Nikhil Chopra,alt.nikhil.chopra70@example.com,9000000103
19,Nikhil Malhotra,nikhil.malhotra41@example.in,9000000145
20,Nikhil Mehta,nikhil.mehta5@example.com,9000000104
21,Pooja Gupta,pooja.gupta57@mailtest.example.org,9000000271
22,Priya Nair,priya.nair70@example.com,9000000222
23,Priya Saxena,priya.saxena61@example.com,9000000231
24,Priya Singh,priya.singh61@mailtest.example.org,9000000287
25,Rahul Chopra,rahul.chopra70@example.com,9000000137
26,Rahul Jain,rahul.jain34@example.in,9000000114
27,Rahul Malhotra,rahul.malhotra69@mailtest.example.org,9000000260
28,Ritu Sharma,ritu.sharma23@mailtest.example.org,9000000146
29,Rohit Mishra,rohit.mishra70@mailtest.example.org,9000000167
30,Rohit Nair,rohit.nair32@mailtest.example.org,9000000268
31,Rohit Verma,rohit.verma13@mailtest.example.org,9000000294
32,Sahil Malhotra,sahil.malhotra1@example.in,9000000143
33,Shreya Gupta,shreya.gupta85@example.com,9000000227
34,Sneha Chopra,sneha.chopra99@example.in,9000000162
35,Sneha Mishra,sneha.mishra14@mailtest.example.org,9000000229
36,Tanvi Agarwal,tanvi.agarwal97@example.in,9000000148
37,Tanvi Gupta,tanvi.gupta31@example.com,9000000254
38,Varun Jain,varun.jain29@example.com,9000000263
39,Varun Saxena,varun.saxena21@example.in,9000000170
40,Vikram Saxena,vikram.saxena60@example.com,9000000113
41,Arjun Mehta,arjun.mehta77@mailtest.example.org,
42,Manish Bhatia,manish.bhatia3@example.com,
43,Divya Chopra,divya.chopra59@example.in,
44,Karan Chopra,karan.chopra76@mailtest.example.org,
45,Vikram Mehta,vikram.mehta6@example.com,
46,Pooja Kapoor,pooja.kapoor62@example.in,
47,Kavya Verma,kavya.verma74@mailtest.example.org,
48,Tanvi Reddy,tanvi.reddy80@example.com,
49,Varun Singh,varun.singh81@example.com,
50,Tanvi Kapoor,tanvi.kapoor38@example.com,
51,Nikhil Nair,nikhil.nair26@example.in,
52,Pooja Reddy,pooja.reddy96@mailtest.example.org,
53,Tanvi Sharma,tanvi.sharma56@mailtest.example.org,
54,Deepak Nair,deepak.nair57@example.in,
55,Anjali Agarwal,anjali.agarwal53@mailtest.example.org,
56,Arjun Mehta,,9000000272
57,MANISH BHATIA,,9000000161
58,DIVYA CHOPRA,,9000000111
59,Karan Chopra,,9000000245
60,Vikram Mehta,,9000000261
61,aniket chauhan,,7982070443
